Bus,Generator,H (s),Rating (MVA),E_kinetic (MWs)
30,G1,4.2,350,1470.0
31,G2,3.03,830,2514.8999999999996
32,G3,3.58,620,2219.6
33,G4,2.86,750,2145.0
34,G5,2.6,560,1456.0
35,G6,3.48,680,2366.4
36,G7,2.64,580,1531.2
37,G8,2.43,890,2162.7000000000003
38,G9,3.45,1040,3588.0
39,G10,5.0,1400,7000.0
